mutant,mutated_sequence,DMS_score,DMS_score_bin,esm2_t33_650M_UR50D
D39R:R41S,TYTWNTKEEAKQAFKELLKEKRVPSNASWEQAMKMIINRPSYSALAKLSEKKQAFNAYKVQTE,-3.228555118800402,0,-20.92623615264893
I36E,TYTWNTKEEAKQAFKELLKEKRVPSNASWEQAMKMEINDPRYSALAKLSEKKQAFNAYKVQTE,-3.206994749578357,0,-10.48782730102539
E20G:D39P,TYTWNTKEEAKQAFKELLKGKRVPSNASWEQAMKMIINPPRYSALAKLSEKKQAFNAYKVQTE,-3.1761674902719044,0,-20.648231506347656
D39P:R41K,TYTWNTKEEAKQAFKELLKEKRVPSNASWEQAMKMIINPPKYSALAKLSEKKQAFNAYKVQTE,-3.1666506797369656,0,-21.00053644180298
L17P,TYTWNTKEEAKQAFKEPLKEKRVPSNASWEQAMKMIINDPRYSALAKLSEKKQAFNAYKVQTE,-3.166047624715453,0,-7.1393141746521
D39P,TYTWNTKEEAKQAFKELLKEKRVPSNASWEQAMKMIINPPRYSALAKLSEKKQAFNAYKVQTE,-3.165889301817188,0,-14.257691383361816
D39R:R41H,TYTWNTKEEAKQAFKELLKEKRVPSNASWEQAMKMIINRPHYSALAKLSEKKQAFNAYKVQTE,-3.1611599905154293,0,-20.187142372131348
I36N,TYTWNTKEEAKQAFKELLKEKRVPSNASWEQAMKMNINDPRYSALAKLSEKKQAFNAYKVQTE,-3.141646159498929,0,-8.823216438293457
D39R:R41G,TYTWNTKEEAKQAFKELLKEKRVPSNASWEQAMKMIINRPGYSALAKLSEKKQAFNAYKVQTE,-3.134646487747968,0,-20.707324028015137
E20H:D39N,TYTWNTKEEAKQAFKELLKHKRVPSNASWEQAMKMIINNPRYSALAKLSEKKQAFNAYKVQTE,-3.128702233262989,0,-14.400001525878906
L17R,TYTWNTKEEAKQAFKERLKEKRVPSNASWEQAMKMIINDPRYSALAKLSEKKQAFNAYKVQTE,-3.114447735065537,0,-7.415894985198975
D39P:R41N,TYTWNTKEEAKQAFKELLKEKRVPSNASWEQAMKMIINPPNYSALAKLSEKKQAFNAYKVQTE,-3.107948481236709,0,-23.27958106994629
E20A:D39V,TYTWNTKEEAKQAFKELLKAKRVPSNASWEQAMKMIINVPRYSALAKLSEKKQAFNAYKVQTE,-3.103190721239387,0,-14.539679527282717
E20F:D39R,TYTWNTKEEAKQAFKELLKFKRVPSNASWEQAMKMIINRPRYSALAKLSEKKQAFNAYKVQTE,-3.1015128196858592,0,-22.40252017974853
L18S,TYTWNTKEEAKQAFKELSKEKRVPSNASWEQAMKMIINDPRYSALAKLSEKKQAFNAYKVQTE,-3.094241660251023,0,-7.499710559844971
E20P:R41E,TYTWNTKEEAKQAFKELLKPKRVPSNASWEQAMKMIINDPEYSALAKLSEKKQAFNAYKVQTE,-3.0936142519872227,0,-20.05065631866455
D39P:R41T,TYTWNTKEEAKQAFKELLKEKRVPSNASWEQAMKMIINPPTYSALAKLSEKKQAFNAYKVQTE,-3.0807097626356605,0,-23.13400363922119
D39R:R41M,TYTWNTKEEAKQAFKELLKEKRVPSNASWEQAMKMIINRPMYSALAKLSEKKQAFNAYKVQTE,-3.0683777281675257,0,-21.67180824279785
E20Y:D39Q,TYTWNTKEEAKQAFKELLKYKRVPSNASWEQAMKMIINQPRYSALAKLSEKKQAFNAYKVQTE,-3.0682717790491827,0,-19.3045711517334
A32E,TYTWNTKEEAKQAFKELLKEKRVPSNASWEQEMKMIINDPRYSALAKLSEKKQAFNAYKVQTE,-3.0568956706362003,0,-5.420110702514648
D39K:R41E,TYTWNTKEEAKQAFKELLKEKRVPSNASWEQAMKMIINKPEYSALAKLSEKKQAFNAYKVQTE,-3.0458727583200504,0,-20.259784698486328
E20W:D39L,TYTWNTKEEAKQAFKELLKWKRVPSNASWEQAMKMIINLPRYSALAKLSEKKQAFNAYKVQTE,-3.045355888135121,0,-23.04516696929932
E20P:D39S,TYTWNTKEEAKQAFKELLKPKRVPSNASWEQAMKMIINSPRYSALAKLSEKKQAFNAYKVQTE,-3.039436638347605,0,-21.285733222961422
A32H,TYTWNTKEEAKQAFKELLKEKRVPSNASWEQHMKMIINDPRYSALAKLSEKKQAFNAYKVQTE,-3.016077217871332,0,-7.800461769104004
D39R:R41A,TYTWNTKEEAKQAFKELLKEKRVPSNASWEQAMKMIINRPAYSALAKLSEKKQAFNAYKVQTE,-3.015190390182876,0,-20.80048894882202
E20H:D39V,TYTWNTKEEAKQAFKELLKHKRVPSNASWEQAMKMIINVPRYSALAKLSEKKQAFNAYKVQTE,-3.0151743987692625,0,-17.221983909606934
E20M:D39K,TYTWNTKEEAKQAFKELLKMKRVPSNASWEQAMKMIINKPRYSALAKLSEKKQAFNAYKVQTE,-3.0060951605729684,0,-19.540339469909668
W29A,TYTWNTKEEAKQAFKELLKEKRVPSNASAEQAMKMIINDPRYSALAKLSEKKQAFNAYKVQTE,-2.9971951536039425,0,-12.823474884033203
E20F:D39V,TYTWNTKEEAKQAFKELLKFKRVPSNASWEQAMKMIINVPRYSALAKLSEKKQAFNAYKVQTE,-2.989249350491007,0,-19.073655128479004
E20W:D39A,TYTWNTKEEAKQAFKELLKWKRVPSNASWEQAMKMIINAPRYSALAKLSEKKQAFNAYKVQTE,-2.988874879697468,0,-19.70745277404785
D39H:R41P,TYTWNTKEEAKQAFKELLKEKRVPSNASWEQAMKMIINHPPYSALAKLSEKKQAFNAYKVQTE,-2.9863635349058413,0,-17.486679077148438
E20T:D39N,TYTWNTKEEAKQAFKELLKTKRVPSNASWEQAMKMIINNPRYSALAKLSEKKQAFNAYKVQTE,-2.9750959712869367,0,-13.524767875671388
E20G:D39H,TYTWNTKEEAKQAFKELLKGKRVPSNASWEQAMKMIINHPRYSALAKLSEKKQAFNAYKVQTE,-2.963989572298222,0,-14.406174659729004
D39I:R41G,TYTWNTKEEAKQAFKELLKEKRVPSNASWEQAMKMIINIPGYSALAKLSEKKQAFNAYKVQTE,-2.952751847189856,0,-19.86463451385498
D39P:R41S,TYTWNTKEEAKQAFKELLKEKRVPSNASWEQAMKMIINPPSYSALAKLSEKKQAFNAYKVQTE,-2.951752261804957,0,-22.16228485107422
D39T:R41P,TYTWNTKEEAKQAFKELLKEKRVPSNASWEQAMKMIINTPPYSALAKLSEKKQAFNAYKVQTE,-2.951460624998209,0,-21.12802124023437
E20Y:D39Y,TYTWNTKEEAKQAFKELLKYKRVPSNASWEQAMKMIINYPRYSALAKLSEKKQAFNAYKVQTE,-2.951201215467229,0,-17.529815673828125
L18P,TYTWNTKEEAKQAFKELPKEKRVPSNASWEQAMKMIINDPRYSALAKLSEKKQAFNAYKVQTE,-2.941316846696528,0,-7.01672887802124
K19P,TYTWNTKEEAKQAFKELLPEKRVPSNASWEQAMKMIINDPRYSALAKLSEKKQAFNAYKVQTE,-2.9411171646251657,0,-8.240835189819336
D39P:R41E,TYTWNTKEEAKQAFKELLKEKRVPSNASWEQAMKMIINPPEYSALAKLSEKKQAFNAYKVQTE,-2.940640413477008,0,-23.13893985748291
E20H:D39T,TYTWNTKEEAKQAFKELLKHKRVPSNASWEQAMKMIINTPRYSALAKLSEKKQAFNAYKVQTE,-2.922398017683247,0,-19.186182975769043
E20W:D39G,TYTWNTKEEAKQAFKELLKWKRVPSNASWEQAMKMIINGPRYSALAKLSEKKQAFNAYKVQTE,-2.919854481486399,0,-19.92074584960937
E20P:R41A,TYTWNTKEEAKQAFKELLKPKRVPSNASWEQAMKMIINDPAYSALAKLSEKKQAFNAYKVQTE,-2.917185618499257,0,-18.948254108428955
E20S:D39Q,TYTWNTKEEAKQAFKELLKSKRVPSNASWEQAMKMIINQPRYSALAKLSEKKQAFNAYKVQTE,-2.9128566231113533,0,-16.93112850189209
E20G:D39L,TYTWNTKEEAKQAFKELLKGKRVPSNASWEQAMKMIINLPRYSALAKLSEKKQAFNAYKVQTE,-2.9090141667960268,0,-19.270416259765625
E20G:D39G,TYTWNTKEEAKQAFKELLKGKRVPSNASWEQAMKMIINGPRYSALAKLSEKKQAFNAYKVQTE,-2.904129353412861,0,-16.145995140075684
E20I:D39Q,TYTWNTKEEAKQAFKELLKIKRVPSNASWEQAMKMIINQPRYSALAKLSEKKQAFNAYKVQTE,-2.896321238272946,0,-19.528562545776367
E20P:D39Y,TYTWNTKEEAKQAFKELLKPKRVPSNASWEQAMKMIINYPRYSALAKLSEKKQAFNAYKVQTE,-2.894370736885929,0,-20.61099147796631
E20R:D39P,TYTWNTKEEAKQAFKELLKRKRVPSNASWEQAMKMIINPPRYSALAKLSEKKQAFNAYKVQTE,-2.8910501893490297,0,-22.808300971984863
E20G:D39V,TYTWNTKEEAKQAFKELLKGKRVPSNASWEQAMKMIINVPRYSALAKLSEKKQAFNAYKVQTE,-2.8909591914900368,0,-16.083317756652832
